source_id,club,sample_count,metric,source_unit,trackman_mean,trackman_sd,trackman_min,trackman_max,flightscope_mean,flightscope_sd,flightscope_min,flightscope_max,mean_difference_trackman_minus_flightscope,sd_difference,mape_percent,icc_consistency,icc_absolute,pearson_r,measurement_status,environment,software_version
bliss_langdown_2026,Driver,58,attack_angle,deg,2.73,2.05,-2.30,7.70,1.53,2.21,-2.60,8.20,1.20,0.96,43.97,0.95,0.87,0.90,reported,indoor_normalized_sea_level,TrackMan unspecified; FS Golf 7.7.3
bliss_langdown_2026,Driver,58,ball_speed,mph,153.82,6.28,133.84,165.14,155.31,6.42,136.00,167.10,-1.49,0.82,0.97,0.996,0.98,0.99,reported,indoor_normalized_sea_level,TrackMan unspecified; FS Golf 7.7.3
bliss_langdown_2026,Driver,58,carry_distance,yd,249.37,16.40,205.54,283.93,247.73,16.19,209.40,277.40,1.63,6.72,0.65,0.96,0.95,0.92,reported,indoor_normalized_sea_level,TrackMan unspecified; FS Golf 7.7.3
bliss_langdown_2026,Driver,58,total_distance,yd,266.23,16.45,222.69,302.56,262.02,17.19,212.80,291.90,4.21,11.53,1.58,0.87,0.85,0.77,reported,indoor_normalized_sea_level,TrackMan unspecified; FS Golf 7.7.3
bliss_langdown_2026,Driver,58,club_path,deg,-3.75,2.28,-9.30,1.70,-2.25,2.37,-6.90,3.60,-1.50,2.35,40.00,0.66,0.58,0.49,reported,indoor_normalized_sea_level,TrackMan unspecified; FS Golf 7.7.3
bliss_langdown_2026,Driver,58,club_speed,mph,107.70,3.29,100.77,113.72,108.10,3.19,102.10,115.40,-0.40,1.00,0.37,0.98,0.97,0.95,reported,indoor_normalized_sea_level,TrackMan unspecified; FS Golf 7.7.3
bliss_langdown_2026,Driver,58,dynamic_loft,deg,15.55,2.91,7.28,20.96,16.78,4.11,7.60,26.10,-1.23,1.82,7.91,0.93,0.90,0.92,reported,indoor_normalized_sea_level,TrackMan unspecified; FS Golf 7.7.3
bliss_langdown_2026,Driver,58,face_angle,deg,-1.01,4.17,-11.10,6.63,-0.76,4.04,-12.40,6.70,-0.24,2.00,23.76,0.94,0.94,0.88,reported,indoor_normalized_sea_level,TrackMan unspecified; FS Golf 7.7.3
bliss_langdown_2026,Driver,58,face_to_path,deg,2.83,4.07,-8.38,13.02,1.49,4.53,-8.50,12.80,1.34,1.25,47.35,0.98,0.96,0.96,reported,indoor_normalized_sea_level,TrackMan unspecified; FS Golf 7.7.3
bliss_langdown_2026,Driver,58,apex_height,ft,114.30,28.42,31.76,169.56,112.62,27.61,40.20,163.80,1.68,12.33,1.47,0.95,0.95,0.90,reported,indoor_normalized_sea_level,TrackMan unspecified; FS Golf 7.7.3
bliss_langdown_2026,Driver,58,descent_angle,deg,42.80,6.78,17.49,54.51,42.83,5.85,23.10,51.40,-0.02,3.93,0.05,0.89,0.90,0.81,reported,indoor_normalized_sea_level,TrackMan unspecified; FS Golf 7.7.3
bliss_langdown_2026,Driver,58,launch_angle,deg,13.61,2.92,6.14,19.36,14.36,2.93,7.20,19.80,-0.75,0.84,5.51,0.98,0.96,0.96,reported,indoor_normalized_sea_level,TrackMan unspecified; FS Golf 7.7.3
bliss_langdown_2026,Driver,58,launch_direction,deg,-1.40,3.66,-10.02,5.84,-1.10,3.45,-11.50,5.30,-0.30,1.99,21.43,0.92,0.92,0.85,reported,indoor_normalized_sea_level,TrackMan unspecified; FS Golf 7.7.3
bliss_langdown_2026,Driver,58,lateral_total,yd,7.28,28.24,-66.60,65.70,-1.17,29.68,-75.20,58.50,8.45,10.74,116.07,0.96,0.94,0.93,reported,indoor_normalized_sea_level,TrackMan unspecified; FS Golf 7.7.3
bliss_langdown_2026,Driver,58,smash_factor,1,1.43,0.04,1.29,1.47,1.44,0.04,1.27,1.50,-0.01,0.01,0.70,0.97,0.96,0.94,reported,indoor_normalized_sea_level,TrackMan unspecified; FS Golf 7.7.3
bliss_langdown_2026,Driver,58,spin_axis,deg,5.82,8.17,-21.86,22.74,2.58,18.21,-45.00,39.30,3.24,12.28,55.67,0.77,0.76,0.83,reported,indoor_normalized_sea_level,TrackMan unspecified; FS Golf 7.7.3
bliss_langdown_2026,Driver,58,spin_rate,rpm,3171,694,1581,4551,3226,560,1825,4610,-55,513,1.73,0.80,0.80,0.68,reported,indoor_normalized_sea_level,TrackMan unspecified; FS Golf 7.7.3
bliss_langdown_2026,Driver,58,swing_direction,deg,-1.34,3.06,-6.92,6.71,-1.04,3.04,-5.70,9.10,-0.30,2.18,22.39,0.85,0.85,0.74,reported,indoor_normalized_sea_level,TrackMan unspecified; FS Golf 7.7.3
bliss_langdown_2026,Driver,58,swing_plane,deg,47.77,2.25,42.25,53.35,53.01,2.32,46.90,57.60,-5.24,2.31,10.97,0.66,0.24,0.49,reported,indoor_normalized_sea_level,TrackMan unspecified; FS Golf 7.7.3
bliss_langdown_2026,7-Iron,80,attack_angle,deg,-2.58,1.31,-5.10,2.60,-5.31,1.76,-9.90,0.90,2.73,2.16,105.81,0.06,0.02,0.29,reported,indoor_normalized_sea_level,TrackMan unspecified; FS Golf 7.7.3
bliss_langdown_2026,7-Iron,80,ball_speed,mph,114.69,4.46,101.56,123.85,117.72,4.58,103.90,127.00,-3.03,0.57,2.64,0.996,0.90,0.99,reported,indoor_normalized_sea_level,TrackMan unspecified; FS Golf 7.7.3
bliss_langdown_2026,7-Iron,80,carry_distance,yd,156.34,7.09,134.68,171.38,158.75,8.65,135.00,177.40,-2.41,5.35,1.54,0.87,0.85,0.79,reported,indoor_normalized_sea_level,TrackMan unspecified; FS Golf 7.7.3
bliss_langdown_2026,7-Iron,80,total_distance,yd,161.41,7.76,137.09,178.56,161.47,9.61,134.40,181.00,-0.06,6.70,0.04,0.83,0.83,0.72,reported,indoor_normalized_sea_level,TrackMan unspecified; FS Golf 7.7.3
bliss_langdown_2026,7-Iron,80,club_path,deg,-2.06,2.85,-9.80,4.90,-2.34,2.96,-8.20,6.40,0.28,2.21,13.59,0.83,0.83,0.71,reported,indoor_normalized_sea_level,TrackMan unspecified; FS Golf 7.7.3
bliss_langdown_2026,7-Iron,80,club_speed,mph,86.49,2.15,81.57,92.15,90.93,2.59,85.60,96.50,-4.44,1.64,5.13,0.87,0.44,0.78,reported,indoor_normalized_sea_level,TrackMan unspecified; FS Golf 7.7.3
bliss_langdown_2026,7-Iron,80,dynamic_loft,deg,26.94,2.00,22.37,32.36,34.71,3.24,26.50,40.70,-7.77,2.16,28.84,0.81,0.23,0.76,reported,indoor_normalized_sea_level,TrackMan unspecified; FS Golf 7.7.3
bliss_langdown_2026,7-Iron,80,face_angle,deg,-2.65,2.89,-10.16,5.65,-1.97,3.67,-10.20,7.60,-0.69,1.51,26.04,0.95,0.94,0.92,reported,indoor_normalized_sea_level,TrackMan unspecified; FS Golf 7.7.3
bliss_langdown_2026,7-Iron,80,face_to_path,deg,-1.31,3.22,-10.16,7.40,0.37,4.64,-14.60,10.20,-0.90,1.87,68.70,0.87,0.83,0.82,reported,indoor_normalized_sea_level,TrackMan unspecified; FS Golf 7.7.3
bliss_langdown_2026,7-Iron,80,apex_height,ft,105.68,12.70,62.75,132.31,115.93,13.39,72.20,143.70,-10.25,3.57,9.70,0.98,0.85,0.96,reported,indoor_normalized_sea_level,TrackMan unspecified; FS Golf 7.7.3
bliss_langdown_2026,7-Iron,80,descent_angle,deg,51.28,3.23,38.24,56.44,51.46,2.50,41.60,57.20,-0.18,1.50,3.51,0.93,0.93,0.89,reported,indoor_normalized_sea_level,TrackMan unspecified; FS Golf 7.7.3
bliss_langdown_2026,7-Iron,80,launch_angle,deg,21.37,1.47,18.07,25.11,22.21,1.47,18.70,25.60,-0.84,0.48,3.93,0.97,0.90,0.95,reported,indoor_normalized_sea_level,TrackMan unspecified; FS Golf 7.7.3
bliss_langdown_2026,7-Iron,80,launch_direction,deg,-2.59,2.47,-8.53,3.88,-2.10,2.70,-7.90,4.20,-0.49,1.40,18.91,0.92,0.91,0.86,reported,indoor_normalized_sea_level,TrackMan unspecified; FS Golf 7.7.3
bliss_langdown_2026,7-Iron,80,lateral_total,yd,-8.64,12.66,-47.25,20.10,-5.46,10.89,-30.70,18.90,-3.18,6.25,36.81,0.93,0.91,0.87,reported,indoor_normalized_sea_level,TrackMan unspecified; FS Golf 7.7.3
bliss_langdown_2026,7-Iron,80,smash_factor,1,1.33,0.05,1.17,1.41,1.29,0.05,1.16,1.38,0.03,0.02,2.26,0.93,0.83,0.87,reported,indoor_normalized_sea_level,TrackMan unspecified; FS Golf 7.7.3
bliss_langdown_2026,7-Iron,80,spin_axis,deg,-1.17,5.82,-19.79,10.94,0.30,6.47,-18.60,12.80,-1.48,2.48,126.50,0.96,0.94,0.92,reported,indoor_normalized_sea_level,TrackMan unspecified; FS Golf 7.7.3
bliss_langdown_2026,7-Iron,80,spin_rate,rpm,6390,821,3967,8079,6795,1665,4013,13289,-405,1512,6.33,0.50,0.49,0.43,reported,indoor_normalized_sea_level,TrackMan unspecified; FS Golf 7.7.3
bliss_langdown_2026,7-Iron,80,swing_direction,deg,-3.79,3.01,-12.16,2.39,-5.34,3.31,-11.30,3.50,1.55,1.94,40.90,0.90,0.84,0.82,reported,indoor_normalized_sea_level,TrackMan unspecified; FS Golf 7.7.3
bliss_langdown_2026,7-Iron,80,swing_plane,deg,58.36,2.52,52.26,64.55,60.78,2.39,54.80,66.60,-2.43,2.71,4.16,0.56,0.42,0.39,reported,indoor_normalized_sea_level,TrackMan unspecified; FS Golf 7.7.3
bliss_langdown_2026,Pitching Wedge,69,attack_angle,deg,-3.29,1.17,-6.70,-0.20,-7.18,2.07,-11.00,-1.90,3.91,2.36,118.84,0.03,0.01,0.02,reported,indoor_normalized_sea_level,TrackMan unspecified; FS Golf 7.7.3
bliss_langdown_2026,Pitching Wedge,69,ball_speed,mph,92.10,5.26,76.80,104.62,95.75,5.44,79.30,108.30,-3.62,0.80,3.93,0.995,0.89,0.99,reported,indoor_normalized_sea_level,TrackMan unspecified; FS Golf 7.7.3
bliss_langdown_2026,Pitching Wedge,69,carry_distance,yd,114.17,7.17,91.50,130.47,116.83,7.31,94.00,133.30,-2.66,1.19,2.33,0.993,0.96,0.99,reported,indoor_normalized_sea_level,TrackMan unspecified; FS Golf 7.7.3
bliss_langdown_2026,Pitching Wedge,69,total_distance,yd,116.61,6.95,96.17,136.48,117.80,7.00,97.40,140.40,-1.13,1.64,0.97,0.99,0.98,0.97,reported,indoor_normalized_sea_level,TrackMan unspecified; FS Golf 7.7.3
bliss_langdown_2026,Pitching Wedge,69,club_path,deg,-1.77,2.85,-9.00,4.50,-0.93,2.84,-6.20,6.10,-0.87,2.37,49.15,0.78,0.77,0.65,reported,indoor_normalized_sea_level,TrackMan unspecified; FS Golf 7.7.3
bliss_langdown_2026,Pitching Wedge,69,club_speed,mph,77.64,3.95,68.48,84.74,81.00,4.30,71.30,89.20,-3.36,1.40,4.33,0.97,0.83,0.95,reported,indoor_normalized_sea_level,TrackMan unspecified; FS Golf 7.7.3
bliss_langdown_2026,Pitching Wedge,69,dynamic_loft,deg,35.57,2.61,25.97,41.91,45.25,3.77,27.00,51.00,-9.66,2.22,27.16,0.87,0.25,0.82,reported,indoor_normalized_sea_level,TrackMan unspecified; FS Golf 7.7.3
bliss_langdown_2026,Pitching Wedge,69,face_angle,deg,-3.72,2.92,-9.76,1.47,-3.15,3.75,-10.60,4.80,-0.55,1.74,14.79,0.93,0.92,0.89,reported,indoor_normalized_sea_level,TrackMan unspecified; FS Golf 7.7.3
bliss_langdown_2026,Pitching Wedge,69,face_to_path,deg,-1.89,3.17,-8.24,5.51,-2.22,4.18,-13.00,6.20,0.37,2.64,19.58,0.85,0.85,0.77,reported,indoor_normalized_sea_level,TrackMan unspecified; FS Golf 7.7.3
bliss_langdown_2026,Pitching Wedge,69,apex_height,ft,83.30,12.05,60.85,113.65,94.77,13.38,65.20,123.20,-11.38,3.51,13.66,0.98,0.81,0.97,reported,indoor_normalized_sea_level,TrackMan unspecified; FS Golf 7.7.3
bliss_langdown_2026,Pitching Wedge,69,descent_angle,deg,51.14,3.20,43.96,57.75,52.39,2.50,46.00,56.30,-1.26,1.07,2.46,0.96,0.92,0.96,reported,indoor_normalized_sea_level,TrackMan unspecified; FS Golf 7.7.3
bliss_langdown_2026,Pitching Wedge,69,launch_angle,deg,26.80,2.16,18.53,31.41,27.90,2.17,19.40,32.30,-1.10,0.61,4.10,0.98,0.92,0.96,reported,indoor_normalized_sea_level,TrackMan unspecified; FS Golf 7.7.3
bliss_langdown_2026,Pitching Wedge,69,launch_direction,deg,-3.25,2.54,-8.66,1.77,-2.41,2.86,-7.80,3.30,-0.84,1.44,25.84,0.93,0.90,0.87,reported,indoor_normalized_sea_level,TrackMan unspecified; FS Golf 7.7.3
bliss_langdown_2026,Pitching Wedge,69,lateral_total,yd,-8.40,6.96,-21.96,3.89,-5.89,7.35,-20.00,10.30,-2.45,3.25,29.17,0.95,0.92,0.90,reported,indoor_normalized_sea_level,TrackMan unspecified; FS Golf 7.7.3
bliss_langdown_2026,Pitching Wedge,69,smash_factor,1,1.19,0.05,1.05,1.26,1.18,0.05,1.06,1.29,0.00,0.02,0.00,0.93,0.93,0.88,reported,indoor_normalized_sea_level,TrackMan unspecified; FS Golf 7.7.3
bliss_langdown_2026,Pitching Wedge,69,spin_axis,deg,-2.11,3.68,-10.11,7.80,-2.24,4.46,-12.00,7.70,0.17,2.68,8.06,0.88,0.88,0.79,reported,indoor_normalized_sea_level,TrackMan unspecified; FS Golf 7.7.3
bliss_langdown_2026,Pitching Wedge,69,spin_rate,rpm,8031,886,5186,9909,8016,891,5193,10021,14,37,0.17,1.00,0.999,1.00,reported,indoor_normalized_sea_level,TrackMan unspecified; FS Golf 7.7.3
bliss_langdown_2026,Pitching Wedge,69,swing_direction,deg,-3.79,3.06,-10.82,2.49,-4.56,2.91,-10.10,2.50,0.75,2.50,0.20,0.78,0.77,0.64,reported,indoor_normalized_sea_level,TrackMan unspecified; FS Golf 7.7.3
bliss_langdown_2026,Pitching Wedge,69,swing_plane,deg,60.42,3.44,45.61,69.86,63.15,2.68,57.00,68.20,-2.80,3.38,0.05,0.55,0.43,0.39,reported,indoor_normalized_sea_level,TrackMan unspecified; FS Golf 7.7.3
