observation_id,source_id,monitor_vendor,monitor_model,software_version,environment,cohort,club,metric,aggregation_level,sample_count,measurement_status,reported_mean,reported_sd,reported_unit,canonical_mean,canonical_sd,canonical_unit,matched_shots
31ba5853412a8d8f41e5999c,bliss_langdown_2026,TrackMan,TrackMan 4,TrackMan unspecified; FS Golf 7.7.3,indoor_normalized_sea_level,single_participant,Driver,attack_angle,group_mean,58,reported,2.73,2.05,deg,0.047647488579445195,0.03577924966588375,rad,1
241b2eb9124977b4e294079a,bliss_langdown_2026,FlightScope,Mevo+,TrackMan unspecified; FS Golf 7.7.3,indoor_normalized_sea_level,single_participant,Driver,attack_angle,group_mean,58,reported,1.53,2.21,deg,0.026703537555513242,0.038571776469074684,rad,1
8e476936de008bc304d23717,bliss_langdown_2026,TrackMan,TrackMan 4,TrackMan unspecified; FS Golf 7.7.3,indoor_normalized_sea_level,single_participant,Driver,ball_speed,group_mean,58,reported,153.82,6.28,mph,68.7636928,2.8074112,m/s,1
30f3f7789e19f8cda2edeaef,bliss_langdown_2026,FlightScope,Mevo+,TrackMan unspecified; FS Golf 7.7.3,indoor_normalized_sea_level,single_participant,Driver,ball_speed,group_mean,58,reported,155.31,6.42,mph,69.4297824,2.8699968,m/s,1
7fd4151ee0326f872542527a,bliss_langdown_2026,TrackMan,TrackMan 4,TrackMan unspecified; FS Golf 7.7.3,indoor_normalized_sea_level,single_participant,Driver,carry_distance,group_mean,58,reported,249.37,16.4,yd,228.023928,14.996159999999998,m,1
3441ebf862a3793eedc184bf,bliss_langdown_2026,FlightScope,Mevo+,TrackMan unspecified; FS Golf 7.7.3,indoor_normalized_sea_level,single_participant,Driver,carry_distance,group_mean,58,reported,247.73,16.19,yd,226.52431199999998,14.804136000000002,m,1
a5303a9b4d507a9d91b46b24,bliss_langdown_2026,TrackMan,TrackMan 4,TrackMan unspecified; FS Golf 7.7.3,indoor_normalized_sea_level,single_participant,Driver,total_distance,group_mean,58,reported,266.23,16.45,yd,243.44071200000002,15.041879999999999,m,1
1bbe7887a3d180a2fdef7242,bliss_langdown_2026,FlightScope,Mevo+,TrackMan unspecified; FS Golf 7.7.3,indoor_normalized_sea_level,single_participant,Driver,total_distance,group_mean,58,reported,262.02,17.19,yd,239.59108799999998,15.718536,m,1
56dbc71d72b503ca0755f1c2,bliss_langdown_2026,TrackMan,TrackMan 4,TrackMan unspecified; FS Golf 7.7.3,indoor_normalized_sea_level,single_participant,Driver,club_path,group_mean,58,reported,-3.75,2.28,deg,-0.06544984694978735,0.03979350694547071,rad,1
d6422dc5093ce9f2f8979e54,bliss_langdown_2026,FlightScope,Mevo+,TrackMan unspecified; FS Golf 7.7.3,indoor_normalized_sea_level,single_participant,Driver,club_path,group_mean,58,reported,-2.25,2.37,deg,-0.039269908169872414,0.04136430327226561,rad,1
36b7c064116d6cdcebab9850,bliss_langdown_2026,TrackMan,TrackMan 4,TrackMan unspecified; FS Golf 7.7.3,indoor_normalized_sea_level,single_participant,Driver,club_speed,group_mean,58,reported,107.7,3.29,mph,48.146208,1.4707616,m/s,1
7df7dfd77d949b6bdac21639,bliss_langdown_2026,FlightScope,Mevo+,TrackMan unspecified; FS Golf 7.7.3,indoor_normalized_sea_level,single_participant,Driver,club_speed,group_mean,58,reported,108.1,3.19,mph,48.325024,1.4260576,m/s,1
7364b42717e4edb24fde8918,bliss_langdown_2026,TrackMan,TrackMan 4,TrackMan unspecified; FS Golf 7.7.3,indoor_normalized_sea_level,single_participant,Driver,dynamic_loft,group_mean,58,reported,15.55,2.91,deg,0.27139869868511823,0.050789081233034994,rad,1
e860e55d69d12177e3c25c68,bliss_langdown_2026,FlightScope,Mevo+,TrackMan unspecified; FS Golf 7.7.3,indoor_normalized_sea_level,single_participant,Driver,dynamic_loft,group_mean,58,reported,16.78,4.11,deg,0.29286624848464854,0.07173303225696695,rad,1
e153f8332239b86e4e771c1c,bliss_langdown_2026,TrackMan,TrackMan 4,TrackMan unspecified; FS Golf 7.7.3,indoor_normalized_sea_level,single_participant,Driver,face_angle,group_mean,58,reported,-1.01,4.17,deg,-0.017627825445142728,0.07278022980816354,rad,1
353953a62e8d0fcbf901b965,bliss_langdown_2026,FlightScope,Mevo+,TrackMan unspecified; FS Golf 7.7.3,indoor_normalized_sea_level,single_participant,Driver,face_angle,group_mean,58,reported,-0.76,4.04,deg,-0.013264502315156905,0.07051130178057091,rad,1
8d1f9c6ea09232bfdfef1dd0,bliss_langdown_2026,TrackMan,TrackMan 4,TrackMan unspecified; FS Golf 7.7.3,indoor_normalized_sea_level,single_participant,Driver,face_to_path,group_mean,58,reported,2.83,4.07,deg,0.04939281783143953,0.07103490055616922,rad,1
d95363bf175488f989a46f55,bliss_langdown_2026,FlightScope,Mevo+,TrackMan unspecified; FS Golf 7.7.3,indoor_normalized_sea_level,single_participant,Driver,face_to_path,group_mean,58,reported,1.49,4.53,deg,0.02600540585471551,0.07906341511534314,rad,1
12c86625c0f08fc3847bf38a,bliss_langdown_2026,TrackMan,TrackMan 4,TrackMan unspecified; FS Golf 7.7.3,indoor_normalized_sea_level,single_participant,Driver,apex_height,group_mean,58,reported,114.3,28.42,ft,34.83864,8.662416,m,1
df27b2b553ecdc328991ac87,bliss_langdown_2026,FlightScope,Mevo+,TrackMan unspecified; FS Golf 7.7.3,indoor_normalized_sea_level,single_participant,Driver,apex_height,group_mean,58,reported,112.62,27.61,ft,34.326576,8.415528,m,1
3c943bf75ab40b8cba0a31ff,bliss_langdown_2026,TrackMan,TrackMan 4,TrackMan unspecified; FS Golf 7.7.3,indoor_normalized_sea_level,single_participant,Driver,descent_angle,group_mean,58,reported,42.8,6.78,deg,0.747000919853573,0.11833332328521555,rad,1
52736787a5f25cd3c98633ab,bliss_langdown_2026,FlightScope,Mevo+,TrackMan unspecified; FS Golf 7.7.3,indoor_normalized_sea_level,single_participant,Driver,descent_angle,group_mean,58,reported,42.83,5.85,deg,0.7475245186291714,0.10210176124166827,rad,1
843ee91391b4c982cd820075,bliss_langdown_2026,TrackMan,TrackMan 4,TrackMan unspecified; FS Golf 7.7.3,indoor_normalized_sea_level,single_participant,Driver,launch_angle,group_mean,58,reported,13.61,2.92,deg,0.23753931119642824,0.05096361415823442,rad,1
d61e03099a728eb27d74fa10,bliss_langdown_2026,FlightScope,Mevo+,TrackMan unspecified; FS Golf 7.7.3,indoor_normalized_sea_level,single_participant,Driver,launch_angle,group_mean,58,reported,14.36,2.93,deg,0.2506292805863857,0.05113814708343386,rad,1
965d839177380cd6f31f2f79,bliss_langdown_2026,TrackMan,TrackMan 4,TrackMan unspecified; FS Golf 7.7.3,indoor_normalized_sea_level,single_participant,Driver,launch_direction,group_mean,58,reported,-1.4,3.66,deg,-0.024434609527920613,0.06387905062299247,rad,1
3d3d9340f4d18c15feb67c9c,bliss_langdown_2026,FlightScope,Mevo+,TrackMan unspecified; FS Golf 7.7.3,indoor_normalized_sea_level,single_participant,Driver,launch_direction,group_mean,58,reported,-1.1,3.45,deg,-0.019198621771937627,0.06021385919380437,rad,1
87d54bdb3e58a3c8c48a9aa3,bliss_langdown_2026,TrackMan,TrackMan 4,TrackMan unspecified; FS Golf 7.7.3,indoor_normalized_sea_level,single_participant,Driver,lateral_total,group_mean,58,reported,7.28,28.24,yd,6.6568320000000005,25.822656,m,1
19a3abcffcbf690b57f81521,bliss_langdown_2026,FlightScope,Mevo+,TrackMan unspecified; FS Golf 7.7.3,indoor_normalized_sea_level,single_participant,Driver,lateral_total,group_mean,58,reported,-1.17,29.68,yd,-1.069848,27.139392,m,1
7b5183d061156ee2d212611d,bliss_langdown_2026,TrackMan,TrackMan 4,TrackMan unspecified; FS Golf 7.7.3,indoor_normalized_sea_level,single_participant,Driver,smash_factor,group_mean,58,reported,1.43,0.04,1,1.43,0.04,1,1
4b8ca4c656dfa30a99b7de14,bliss_langdown_2026,FlightScope,Mevo+,TrackMan unspecified; FS Golf 7.7.3,indoor_normalized_sea_level,single_participant,Driver,smash_factor,group_mean,58,reported,1.44,0.04,1,1.44,0.04,1,1
45587040eb74073f72abbd6d,bliss_langdown_2026,TrackMan,TrackMan 4,TrackMan unspecified; FS Golf 7.7.3,indoor_normalized_sea_level,single_participant,Driver,spin_axis,group_mean,58,reported,5.82,8.17,deg,0.10157816246606999,0.14259339988793673,rad,1
fc7bc7b6193ed2fb0bdbc56a,bliss_langdown_2026,FlightScope,Mevo+,TrackMan unspecified; FS Golf 7.7.3,indoor_normalized_sea_level,single_participant,Driver,spin_axis,group_mean,58,reported,2.58,18.21,deg,0.045029494701453704,0.31782445678816745,rad,1
1b375831e5fe06570866774d,bliss_langdown_2026,TrackMan,TrackMan 4,TrackMan unspecified; FS Golf 7.7.3,indoor_normalized_sea_level,single_participant,Driver,spin_rate,group_mean,58,reported,3171.0,694.0,rpm,332.0663434844411,72.67551005304388,rad/s,1
91a738b87407893f8f2c36f3,bliss_langdown_2026,FlightScope,Mevo+,TrackMan unspecified; FS Golf 7.7.3,indoor_normalized_sea_level,single_participant,Driver,spin_rate,group_mean,58,reported,3226.0,560.0,rpm,337.8259300160224,58.64306286700947,rad/s,1
3aba694626876666d9c030e9,bliss_langdown_2026,TrackMan,TrackMan 4,TrackMan unspecified; FS Golf 7.7.3,indoor_normalized_sea_level,single_participant,Driver,swing_direction,group_mean,58,reported,-1.34,3.06,deg,-0.023387411976724018,0.053407075111026485,rad,1
dbef5274a0f20b94a2c9217a,bliss_langdown_2026,FlightScope,Mevo+,TrackMan unspecified; FS Golf 7.7.3,indoor_normalized_sea_level,single_participant,Driver,swing_direction,group_mean,58,reported,-1.04,3.04,deg,-0.01815142422074103,0.05305800926062762,rad,1
857defbc7471329e9e8c2b1a,bliss_langdown_2026,TrackMan,TrackMan 4,TrackMan unspecified; FS Golf 7.7.3,indoor_normalized_sea_level,single_participant,Driver,swing_plane,group_mean,58,reported,47.77,2.25,deg,0.8337437836776913,0.039269908169872414,rad,1
03b4e406e974831715d8509c,bliss_langdown_2026,FlightScope,Mevo+,TrackMan unspecified; FS Golf 7.7.3,indoor_normalized_sea_level,single_participant,Driver,swing_plane,group_mean,58,reported,53.01,2.32,deg,0.925199036482194,0.040491638646268445,rad,1
564fd62307c9a13e9b5c4aec,bliss_langdown_2026,TrackMan,TrackMan 4,TrackMan unspecified; FS Golf 7.7.3,indoor_normalized_sea_level,single_participant,7-Iron,attack_angle,group_mean,80,reported,-2.58,1.31,deg,-0.045029494701453704,0.022863813201125717,rad,1
61cd2d18f9d5491ceea1d3df,bliss_langdown_2026,FlightScope,Mevo+,TrackMan unspecified; FS Golf 7.7.3,indoor_normalized_sea_level,single_participant,7-Iron,attack_angle,group_mean,80,reported,-5.31,1.76,deg,-0.09267698328089889,0.0307177948351002,rad,1
a63f6ea35c1cbfc5c45426d1,bliss_langdown_2026,TrackMan,TrackMan 4,TrackMan unspecified; FS Golf 7.7.3,indoor_normalized_sea_level,single_participant,7-Iron,ball_speed,group_mean,80,reported,114.69,4.46,mph,51.2710176,1.9937984,m/s,1
67ce13cf76bee9d807880b7c,bliss_langdown_2026,FlightScope,Mevo+,TrackMan unspecified; FS Golf 7.7.3,indoor_normalized_sea_level,single_participant,7-Iron,ball_speed,group_mean,80,reported,117.72,4.58,mph,52.6255488,2.0474432,m/s,1
e3729dbb9857cbb58a37bcc3,bliss_langdown_2026,TrackMan,TrackMan 4,TrackMan unspecified; FS Golf 7.7.3,indoor_normalized_sea_level,single_participant,7-Iron,carry_distance,group_mean,80,reported,156.34,7.09,yd,142.957296,6.483096,m,1
04dbc00e09d2e8177dd595f1,bliss_langdown_2026,FlightScope,Mevo+,TrackMan unspecified; FS Golf 7.7.3,indoor_normalized_sea_level,single_participant,7-Iron,carry_distance,group_mean,80,reported,158.75,8.65,yd,145.161,7.90956,m,1
bdbffb4b7968e6803fb21c85,bliss_langdown_2026,TrackMan,TrackMan 4,TrackMan unspecified; FS Golf 7.7.3,indoor_normalized_sea_level,single_participant,7-Iron,total_distance,group_mean,80,reported,161.41,7.76,yd,147.593304,7.095744,m,1
e7acff6ac2fe0ec0cc3a9e7e,bliss_langdown_2026,FlightScope,Mevo+,TrackMan unspecified; FS Golf 7.7.3,indoor_normalized_sea_level,single_participant,7-Iron,total_distance,group_mean,80,reported,161.47,9.61,yd,147.648168,8.787384,m,1
fef02c01e09d6aba9dadebc9,bliss_langdown_2026,TrackMan,TrackMan 4,TrackMan unspecified; FS Golf 7.7.3,indoor_normalized_sea_level,single_participant,7-Iron,club_path,group_mean,80,reported,-2.06,2.85,deg,-0.03595378259108319,0.04974188368183839,rad,1
5d0bf2ac900652713cd7f0b4,bliss_langdown_2026,FlightScope,Mevo+,TrackMan unspecified; FS Golf 7.7.3,indoor_normalized_sea_level,single_participant,7-Iron,club_path,group_mean,80,reported,-2.34,2.96,deg,-0.04084070449666731,0.05166174585903215,rad,1
c0a952dc995e81563d1895b7,bliss_langdown_2026,TrackMan,TrackMan 4,TrackMan unspecified; FS Golf 7.7.3,indoor_normalized_sea_level,single_participant,7-Iron,club_speed,group_mean,80,reported,86.49,2.15,mph,38.664489599999996,0.961136,m/s,1
de5027d9488acc21df44c88c,bliss_langdown_2026,FlightScope,Mevo+,TrackMan unspecified; FS Golf 7.7.3,indoor_normalized_sea_level,single_participant,7-Iron,club_speed,group_mean,80,reported,90.93,2.59,mph,40.6493472,1.1578336,m/s,1
9e36d959309cd0dd2ea4063c,bliss_langdown_2026,TrackMan,TrackMan 4,TrackMan unspecified; FS Golf 7.7.3,indoor_normalized_sea_level,single_participant,7-Iron,dynamic_loft,group_mean,80,reported,26.94,2.0,deg,0.4701917004872724,0.03490658503988659,rad,1
8a5a5ed94bf5e6e6ff8f7bd9,bliss_langdown_2026,FlightScope,Mevo+,TrackMan unspecified; FS Golf 7.7.3,indoor_normalized_sea_level,single_participant,7-Iron,dynamic_loft,group_mean,80,reported,34.71,3.24,deg,0.6058037833672318,0.056548667764616284,rad,1
b7a130b8644953e0afd94b0b,bliss_langdown_2026,TrackMan,TrackMan 4,TrackMan unspecified; FS Golf 7.7.3,indoor_normalized_sea_level,single_participant,7-Iron,face_angle,group_mean,80,reported,-2.65,2.89,deg,-0.046251225177849735,0.05044001538263613,rad,1
c1d0ab78e3c7472de6275ff2,bliss_langdown_2026,FlightScope,Mevo+,TrackMan unspecified; FS Golf 7.7.3,indoor_normalized_sea_level,single_participant,7-Iron,face_angle,group_mean,80,reported,-1.97,3.67,deg,-0.03438298626428829,0.06405358354819189,rad,1
0eb4f05215178436c7ab4f2f,bliss_langdown_2026,TrackMan,TrackMan 4,TrackMan unspecified; FS Golf 7.7.3,indoor_normalized_sea_level,single_participant,7-Iron,face_to_path,group_mean,80,reported,-1.31,3.22,deg,-0.022863813201125717,0.05619960191421741,rad,1
e6ba2ee11133ece90ce9c92d,bliss_langdown_2026,FlightScope,Mevo+,TrackMan unspecified; FS Golf 7.7.3,indoor_normalized_sea_level,single_participant,7-Iron,face_to_path,group_mean,80,reported,0.37,4.64,deg,0.006457718232379019,0.08098327729253689,rad,1
c6e1136cb75181efd291beb7,bliss_langdown_2026,TrackMan,TrackMan 4,TrackMan unspecified; FS Golf 7.7.3,indoor_normalized_sea_level,single_participant,7-Iron,apex_height,group_mean,80,reported,105.68,12.7,ft,32.21126400000001,3.87096,m,1
d72730b5844921f21a527f41,bliss_langdown_2026,FlightScope,Mevo+,TrackMan unspecified; FS Golf 7.7.3,indoor_normalized_sea_level,single_participant,7-Iron,apex_height,group_mean,80,reported,115.93,13.39,ft,35.335464,4.081272,m,1
4373fd3c7fb04dd70ff3b4c2,bliss_langdown_2026,TrackMan,TrackMan 4,TrackMan unspecified; FS Golf 7.7.3,indoor_normalized_sea_level,single_participant,7-Iron,descent_angle,group_mean,80,reported,51.28,3.23,deg,0.8950048404226922,0.05637413483941684,rad,1
54bbc94755c61433d9963755,bliss_langdown_2026,FlightScope,Mevo+,TrackMan unspecified; FS Golf 7.7.3,indoor_normalized_sea_level,single_participant,7-Iron,descent_angle,group_mean,80,reported,51.46,2.5,deg,0.898146433076282,0.04363323129985824,rad,1
b66d89a5212e50a151af08e5,bliss_langdown_2026,TrackMan,TrackMan 4,TrackMan unspecified; FS Golf 7.7.3,indoor_normalized_sea_level,single_participant,7-Iron,launch_angle,group_mean,80,reported,21.37,1.47,deg,0.3729768611511882,0.025656340004316644,rad,1
3fc6d66a0573a4a2e7c18510,bliss_langdown_2026,FlightScope,Mevo+,TrackMan unspecified; FS Golf 7.7.3,indoor_normalized_sea_level,single_participant,7-Iron,launch_angle,group_mean,80,reported,22.21,1.47,deg,0.3876376268679406,0.025656340004316644,rad,1
c7ac51462d04193fc2c876e2,bliss_langdown_2026,TrackMan,TrackMan 4,TrackMan unspecified; FS Golf 7.7.3,indoor_normalized_sea_level,single_participant,7-Iron,launch_direction,group_mean,80,reported,-2.59,2.47,deg,-0.04520402762665313,0.04310963252425994,rad,1
9404b424aca5de972b963113,bliss_langdown_2026,FlightScope,Mevo+,TrackMan unspecified; FS Golf 7.7.3,indoor_normalized_sea_level,single_participant,7-Iron,launch_direction,group_mean,80,reported,-2.1,2.7,deg,-0.03665191429188092,0.0471238898038469,rad,1
bc1d118ca35fdf3790c6641a,bliss_langdown_2026,TrackMan,TrackMan 4,TrackMan unspecified; FS Golf 7.7.3,indoor_normalized_sea_level,single_participant,7-Iron,lateral_total,group_mean,80,reported,-8.64,12.66,yd,-7.900416000000001,11.576304,m,1
3ddb4e04fcb807558d36e32f,bliss_langdown_2026,FlightScope,Mevo+,TrackMan unspecified; FS Golf 7.7.3,indoor_normalized_sea_level,single_participant,7-Iron,lateral_total,group_mean,80,reported,-5.46,10.89,yd,-4.992624,9.957816000000001,m,1
e6f9e1442a0b8d477fc7bf6b,bliss_langdown_2026,TrackMan,TrackMan 4,TrackMan unspecified; FS Golf 7.7.3,indoor_normalized_sea_level,single_participant,7-Iron,smash_factor,group_mean,80,reported,1.33,0.05,1,1.33,0.05,1,1
9087613e52a0f9a75ad5a49f,bliss_langdown_2026,FlightScope,Mevo+,TrackMan unspecified; FS Golf 7.7.3,indoor_normalized_sea_level,single_participant,7-Iron,smash_factor,group_mean,80,reported,1.29,0.05,1,1.29,0.05,1,1
30f083061512cb8263554798,bliss_langdown_2026,TrackMan,TrackMan 4,TrackMan unspecified; FS Golf 7.7.3,indoor_normalized_sea_level,single_participant,7-Iron,spin_axis,group_mean,80,reported,-1.17,5.82,deg,-0.020420352248333655,0.10157816246606999,rad,1
e78e2052e5e9b81a92d90850,bliss_langdown_2026,FlightScope,Mevo+,TrackMan unspecified; FS Golf 7.7.3,indoor_normalized_sea_level,single_participant,7-Iron,spin_axis,group_mean,80,reported,0.3,6.47,deg,0.005235987755982988,0.11292280260403312,rad,1
819ae0247f1585b3c6809e0a,bliss_langdown_2026,TrackMan,TrackMan 4,TrackMan unspecified; FS Golf 7.7.3,indoor_normalized_sea_level,single_participant,7-Iron,spin_rate,group_mean,80,reported,6390.0,821.0,rpm,669.1592352146259,85.97491895324067,rad/s,1
80efb2010f1b0a40e44214cf,bliss_langdown_2026,FlightScope,Mevo+,TrackMan unspecified; FS Golf 7.7.3,indoor_normalized_sea_level,single_participant,7-Iron,spin_rate,group_mean,80,reported,6795.0,1665.0,rpm,711.5707360380881,174.35839227423352,rad/s,1
c7fc0e2a7f494e77dab115f0,bliss_langdown_2026,TrackMan,TrackMan 4,TrackMan unspecified; FS Golf 7.7.3,indoor_normalized_sea_level,single_participant,7-Iron,swing_direction,group_mean,80,reported,-3.79,3.01,deg,-0.0661479786505851,0.05253441048502932,rad,1
1c7e406adb85b5fed5d1ad53,bliss_langdown_2026,FlightScope,Mevo+,TrackMan unspecified; FS Golf 7.7.3,indoor_normalized_sea_level,single_participant,7-Iron,swing_direction,group_mean,80,reported,-5.34,3.31,deg,-0.0932005820564972,0.05777039824101231,rad,1
e4924b921a31297a3282592f,bliss_langdown_2026,TrackMan,TrackMan 4,TrackMan unspecified; FS Golf 7.7.3,indoor_normalized_sea_level,single_participant,7-Iron,swing_plane,group_mean,80,reported,58.36,2.52,deg,1.0185741514638906,0.0439822971502571,rad,1
5a7faf67b6a46e8ee4aff2d0,bliss_langdown_2026,FlightScope,Mevo+,TrackMan unspecified; FS Golf 7.7.3,indoor_normalized_sea_level,single_participant,7-Iron,swing_plane,group_mean,80,reported,60.78,2.39,deg,1.0608111193621534,0.041713369122664476,rad,1
08efdf1ed0077df15463fcee,bliss_langdown_2026,TrackMan,TrackMan 4,TrackMan unspecified; FS Golf 7.7.3,indoor_normalized_sea_level,single_participant,Pitching Wedge,attack_angle,group_mean,69,reported,-3.29,1.17,deg,-0.05742133239061344,0.020420352248333655,rad,1
6a853aca7361773e6062b312,bliss_langdown_2026,FlightScope,Mevo+,TrackMan unspecified; FS Golf 7.7.3,indoor_normalized_sea_level,single_participant,Pitching Wedge,attack_angle,group_mean,69,reported,-7.18,2.07,deg,-0.12531464029319286,0.03612831551628262,rad,1
b4b6e110fa642a2ab33593bc,bliss_langdown_2026,TrackMan,TrackMan 4,TrackMan unspecified; FS Golf 7.7.3,indoor_normalized_sea_level,single_participant,Pitching Wedge,ball_speed,group_mean,69,reported,92.1,5.26,mph,41.172383999999994,2.3514304,m/s,1
ef8381c84fcb9f7fdc19b3e9,bliss_langdown_2026,FlightScope,Mevo+,TrackMan unspecified; FS Golf 7.7.3,indoor_normalized_sea_level,single_participant,Pitching Wedge,ball_speed,group_mean,69,reported,95.75,5.44,mph,42.80408,2.4318976,m/s,1
e9df6d64ebf0dd79c590f531,bliss_langdown_2026,TrackMan,TrackMan 4,TrackMan unspecified; FS Golf 7.7.3,indoor_normalized_sea_level,single_participant,Pitching Wedge,carry_distance,group_mean,69,reported,114.17,7.17,yd,104.397048,6.556248,m,1
5abecc73e843fd81f9ab4af0,bliss_langdown_2026,FlightScope,Mevo+,TrackMan unspecified; FS Golf 7.7.3,indoor_normalized_sea_level,single_participant,Pitching Wedge,carry_distance,group_mean,69,reported,116.83,7.31,yd,106.829352,6.684264,m,1
3c383d2023e9c592598332ed,bliss_langdown_2026,TrackMan,TrackMan 4,TrackMan unspecified; FS Golf 7.7.3,indoor_normalized_sea_level,single_participant,Pitching Wedge,total_distance,group_mean,69,reported,116.61,6.95,yd,106.628184,6.35508,m,1
f157d5dab7e24d3df91c5347,bliss_langdown_2026,FlightScope,Mevo+,TrackMan unspecified; FS Golf 7.7.3,indoor_normalized_sea_level,single_participant,Pitching Wedge,total_distance,group_mean,69,reported,117.8,7.0,yd,107.71632,6.4008,m,1
646ce375bf867a047aab4eab,bliss_langdown_2026,TrackMan,TrackMan 4,TrackMan unspecified; FS Golf 7.7.3,indoor_normalized_sea_level,single_participant,Pitching Wedge,club_path,group_mean,69,reported,-1.77,2.85,deg,-0.030892327760299633,0.04974188368183839,rad,1
75cee6231cf09109767b2fc0,bliss_langdown_2026,FlightScope,Mevo+,TrackMan unspecified; FS Golf 7.7.3,indoor_normalized_sea_level,single_participant,Pitching Wedge,club_path,group_mean,69,reported,-0.93,2.84,deg,-0.016231562043547264,0.049567350756638956,rad,1
bbefcca36c6ebefd91d07dbd,bliss_langdown_2026,TrackMan,TrackMan 4,TrackMan unspecified; FS Golf 7.7.3,indoor_normalized_sea_level,single_participant,Pitching Wedge,club_speed,group_mean,69,reported,77.64,3.95,mph,34.7081856,1.765808,m/s,1
ff20aa761991ab9ecc0dfe21,bliss_langdown_2026,FlightScope,Mevo+,TrackMan unspecified; FS Golf 7.7.3,indoor_normalized_sea_level,single_participant,Pitching Wedge,club_speed,group_mean,69,reported,81.0,4.3,mph,36.21024,1.922272,m/s,1
61390e4975d5b5dba1a3205b,bliss_langdown_2026,TrackMan,TrackMan 4,TrackMan unspecified; FS Golf 7.7.3,indoor_normalized_sea_level,single_participant,Pitching Wedge,dynamic_loft,group_mean,69,reported,35.57,2.61,deg,0.620813614934383,0.045553093477052,rad,1
495f52676f36c72d584fb7ef,bliss_langdown_2026,FlightScope,Mevo+,TrackMan unspecified; FS Golf 7.7.3,indoor_normalized_sea_level,single_participant,Pitching Wedge,dynamic_loft,group_mean,69,reported,45.25,3.77,deg,0.7897614865274342,0.06579891280018622,rad,1
1bae03f9c7961ff269d3b282,bliss_langdown_2026,TrackMan,TrackMan 4,TrackMan unspecified; FS Golf 7.7.3,indoor_normalized_sea_level,single_participant,Pitching Wedge,face_angle,group_mean,69,reported,-3.72,2.92,deg,-0.06492624817418906,0.05096361415823442,rad,1
50780bb3c21b59b057aa9c17,bliss_langdown_2026,FlightScope,Mevo+,TrackMan unspecified; FS Golf 7.7.3,indoor_normalized_sea_level,single_participant,Pitching Wedge,face_angle,group_mean,69,reported,-3.15,3.75,deg,-0.05497787143782138,0.06544984694978735,rad,1
077b96fb24c6d6169823ba6f,bliss_langdown_2026,TrackMan,TrackMan 4,TrackMan unspecified; FS Golf 7.7.3,indoor_normalized_sea_level,single_participant,Pitching Wedge,face_to_path,group_mean,69,reported,-1.89,3.17,deg,-0.03298672286269283,0.055326937288220246,rad,1
997f186e6dfe0665e2848675,bliss_langdown_2026,FlightScope,Mevo+,TrackMan unspecified; FS Golf 7.7.3,indoor_normalized_sea_level,single_participant,Pitching Wedge,face_to_path,group_mean,69,reported,-2.22,4.18,deg,-0.03874630939427412,0.07295476273336297,rad,1
95815ce95ff13a9b69f79bbb,bliss_langdown_2026,TrackMan,TrackMan 4,TrackMan unspecified; FS Golf 7.7.3,indoor_normalized_sea_level,single_participant,Pitching Wedge,apex_height,group_mean,69,reported,83.3,12.05,ft,25.38984,3.6728400000000003,m,1
abf35ee98483321b5179603b,bliss_langdown_2026,FlightScope,Mevo+,TrackMan unspecified; FS Golf 7.7.3,indoor_normalized_sea_level,single_participant,Pitching Wedge,apex_height,group_mean,69,reported,94.77,13.38,ft,28.885896,4.0782240000000005,m,1
fb99eb882252dac960a3994c,bliss_langdown_2026,TrackMan,TrackMan 4,TrackMan unspecified; FS Golf 7.7.3,indoor_normalized_sea_level,single_participant,Pitching Wedge,descent_angle,group_mean,69,reported,51.14,3.2,deg,0.8925613794699001,0.05585053606381855,rad,1
53a7305dcfac8d0465e0981e,bliss_langdown_2026,FlightScope,Mevo+,TrackMan unspecified; FS Golf 7.7.3,indoor_normalized_sea_level,single_participant,Pitching Wedge,descent_angle,group_mean,69,reported,52.39,2.5,deg,0.9143779951198293,0.04363323129985824,rad,1
32fe3c2e29d36d58c2564314,bliss_langdown_2026,TrackMan,TrackMan 4,TrackMan unspecified; FS Golf 7.7.3,indoor_normalized_sea_level,single_participant,Pitching Wedge,launch_angle,group_mean,69,reported,26.8,2.16,deg,0.4677482395344803,0.03769911184307752,rad,1
bc1a019628e73e7521732071,bliss_langdown_2026,FlightScope,Mevo+,TrackMan unspecified; FS Golf 7.7.3,indoor_normalized_sea_level,single_participant,Pitching Wedge,launch_angle,group_mean,69,reported,27.9,2.17,deg,0.4869468613064179,0.03787364476827695,rad,1
948a13330f77dec71a7423d8,bliss_langdown_2026,TrackMan,TrackMan 4,TrackMan unspecified; FS Golf 7.7.3,indoor_normalized_sea_level,single_participant,Pitching Wedge,launch_direction,group_mean,69,reported,-3.25,2.54,deg,-0.05672320068981571,0.044331363000655974,rad,1
1feea2fa4da3c06662c05da1,bliss_langdown_2026,FlightScope,Mevo+,TrackMan unspecified; FS Golf 7.7.3,indoor_normalized_sea_level,single_participant,Pitching Wedge,launch_direction,group_mean,69,reported,-2.41,2.86,deg,-0.04206243497306335,0.04991641660703782,rad,1
4477881c79f3ef3560976f5a,bliss_langdown_2026,TrackMan,TrackMan 4,TrackMan unspecified; FS Golf 7.7.3,indoor_normalized_sea_level,single_participant,Pitching Wedge,lateral_total,group_mean,69,reported,-8.4,6.96,yd,-7.680960000000001,6.364224,m,1
0bf65896cf84023672f50982,bliss_langdown_2026,FlightScope,Mevo+,TrackMan unspecified; FS Golf 7.7.3,indoor_normalized_sea_level,single_participant,Pitching Wedge,lateral_total,group_mean,69,reported,-5.89,7.35,yd,-5.385815999999999,6.72084,m,1
8be9b7839ea0a935ddddbac1,bliss_langdown_2026,TrackMan,TrackMan 4,TrackMan unspecified; FS Golf 7.7.3,indoor_normalized_sea_level,single_participant,Pitching Wedge,smash_factor,group_mean,69,reported,1.19,0.05,1,1.19,0.05,1,1
7a3469b618405108babc48f4,bliss_langdown_2026,FlightScope,Mevo+,TrackMan unspecified; FS Golf 7.7.3,indoor_normalized_sea_level,single_participant,Pitching Wedge,smash_factor,group_mean,69,reported,1.18,0.05,1,1.18,0.05,1,1
94ee11987c3070009e0ccabc,bliss_langdown_2026,TrackMan,TrackMan 4,TrackMan unspecified; FS Golf 7.7.3,indoor_normalized_sea_level,single_participant,Pitching Wedge,spin_axis,group_mean,69,reported,-2.11,3.68,deg,-0.03682644721708035,0.06422811647339133,rad,1
eddfb84dfc40756e3b797e1c,bliss_langdown_2026,FlightScope,Mevo+,TrackMan unspecified; FS Golf 7.7.3,indoor_normalized_sea_level,single_participant,Pitching Wedge,spin_axis,group_mean,69,reported,-2.24,4.46,deg,-0.039095375244672985,0.0778416846389471,rad,1
2d31badc75659bf6d9fbe7ab,bliss_langdown_2026,TrackMan,TrackMan 4,TrackMan unspecified; FS Golf 7.7.3,indoor_normalized_sea_level,single_participant,Pitching Wedge,spin_rate,group_mean,69,reported,8031.0,886.0,rpm,841.0043533659875,92.78170303601856,rad/s,1
f7a3d735a5e5d06a0312df05,bliss_langdown_2026,FlightScope,Mevo+,TrackMan unspecified; FS Golf 7.7.3,indoor_normalized_sea_level,single_participant,Pitching Wedge,spin_rate,group_mean,69,reported,8016.0,891.0,rpm,839.4335570391927,93.30530181161686,rad/s,1
0c912b3511dd2e1cbb498e9b,bliss_langdown_2026,TrackMan,TrackMan 4,TrackMan unspecified; FS Golf 7.7.3,indoor_normalized_sea_level,single_participant,Pitching Wedge,swing_direction,group_mean,69,reported,-3.79,3.06,deg,-0.0661479786505851,0.053407075111026485,rad,1
4ac29d5ba4d3e71f5c82415f,bliss_langdown_2026,FlightScope,Mevo+,TrackMan unspecified; FS Golf 7.7.3,indoor_normalized_sea_level,single_participant,Pitching Wedge,swing_direction,group_mean,69,reported,-4.56,2.91,deg,-0.07958701389094142,0.050789081233034994,rad,1
bc29a3623250cd039838ffed,bliss_langdown_2026,TrackMan,TrackMan 4,TrackMan unspecified; FS Golf 7.7.3,indoor_normalized_sea_level,single_participant,Pitching Wedge,swing_plane,group_mean,69,reported,60.42,3.44,deg,1.054527934054974,0.060039326268604934,rad,1
1e506591c86f691f39fc0d90,bliss_langdown_2026,FlightScope,Mevo+,TrackMan unspecified; FS Golf 7.7.3,indoor_normalized_sea_level,single_participant,Pitching Wedge,swing_plane,group_mean,69,reported,63.15,2.68,deg,1.1021754226344191,0.046774823953448036,rad,1
